{
  "geo_6d": [
    [
      0,
      2.2694694995880127
    ],
    [
      200,
      0.026373155415058136
    ],
    [
      400,
      0.01872285082936287
    ],
    [
      600,
      0.017766159027814865
    ],
    [
      800,
      0.015633564442396164
    ],
    [
      1000,
      0.014275784604251385
    ],
    [
      1200,
      0.017243143171072006
    ],
    [
      1400,
      0.013695542700588703
    ],
    [
      1600,
      0.012365766800940037
    ],
    [
      1800,
      0.012953754514455795
    ],
    [
      2000,
      0.012588243931531906
    ]
  ],
  "geo_euler": [
    [
      0,
      2.12368106842041
    ],
    [
      200,
      0.4150086045265198
    ],
    [
      400,
      0.30274373292922974
    ],
    [
      600,
      0.23507776856422424
    ],
    [
      800,
      0.2257613241672516
    ],
    [
      1000,
      0.20629000663757324
    ],
    [
      1200,
      0.13800381124019623
    ],
    [
      1400,
      0.15645383298397064
    ],
    [
      1600,
      0.15042902529239655
    ],
    [
      1800,
      0.1289890706539154
    ],
    [
      2000,
      0.13129493594169617
    ]
  ]
}