{
  "geo_6d": [
    [
      0,
      2.3511128425598145
    ],
    [
      200,
      0.02363947592675686
    ],
    [
      400,
      0.017686964944005013
    ],
    [
      600,
      0.015010247007012367
    ],
    [
      800,
      0.01399902906268835
    ],
    [
      1000,
      0.015537150204181671
    ],
    [
      1200,
      0.011473781429231167
    ],
    [
      1400,
      0.01185697317123413
    ],
    [
      1600,
      0.012986302375793457
    ],
    [
      1800,
      0.011704273521900177
    ],
    [
      2000,
      0.010295089334249496
    ]
  ],
  "geo_euler": [
    [
      0,
      2.1577279567718506
    ],
    [
      200,
      0.327971488237381
    ],
    [
      400,
      0.21364161372184753
    ],
    [
      600,
      0.17750735580921173
    ],
    [
      800,
      0.19271816313266754
    ],
    [
      1000,
      0.18781086802482605
    ],
    [
      1200,
      0.11291918158531189
    ],
    [
      1400,
      0.1265898048877716
    ],
    [
      1600,
      0.10225838422775269
    ],
    [
      1800,
      0.09627663344144821
    ],
    [
      2000,
      0.11335539817810059
    ]
  ]
}