{
  "teacher": 0.970370352268219,
  "student_plain": [
    [
      0,
      0.15555556118488312
    ],
    [
      150,
      0.8962963223457336
    ],
    [
      300,
      0.9074074029922485
    ],
    [
      450,
      0.9092592597007751
    ],
    [
      600,
      0.9092592597007751
    ],
    [
      750,
      0.9055555462837219
    ],
    [
      900,
      0.9055555462837219
    ],
    [
      1050,
      0.9055555462837219
    ],
    [
      1200,
      0.9055555462837219
    ],
    [
      1350,
      0.9055555462837219
    ],
    [
      1500,
      0.9055555462837219
    ]
  ],
  "student_distill": [
    [
      0,
      0.10185185074806213
    ],
    [
      150,
      0.9333333373069763
    ],
    [
      300,
      0.9629629850387573
    ],
    [
      450,
      0.9685184955596924
    ],
    [
      600,
      0.970370352268219
    ],
    [
      750,
      0.970370352268219
    ],
    [
      900,
      0.970370352268219
    ],
    [
      1050,
      0.970370352268219
    ],
    [
      1200,
      0.9685184955596924
    ],
    [
      1350,
      0.9685184955596924
    ],
    [
      1500,
      0.9685184955596924
    ]
  ],
  "seeds": {
    "n": 5,
    "teacher": {
      "mean": 0.9707407236099244,
      "std": 0.0018144416050560608,
      "values": [
        0.9722,
        0.9722,
        0.9685,
        0.9722,
        0.9685
      ]
    },
    "student_plain": {
      "mean": 0.899999988079071,
      "std": 0.0026189040140847915,
      "values": [
        0.9019,
        0.8963,
        0.9,
        0.8981,
        0.9037
      ]
    },
    "student_distill": {
      "mean": 0.968148136138916,
      "std": 0.002962949872039389,
      "values": [
        0.9704,
        0.9704,
        0.9667,
        0.963,
        0.9704
      ]
    }
  }
}