{
  "teacher": 0.9980000257492065,
  "student_plain": [
    [
      0,
      0.5
    ],
    [
      150,
      0.6859999895095825
    ],
    [
      300,
      0.7590000033378601
    ],
    [
      450,
      0.8230000138282776
    ],
    [
      600,
      0.8849999904632568
    ],
    [
      750,
      0.9100000262260437
    ],
    [
      900,
      0.9419999718666077
    ],
    [
      1050,
      0.9470000267028809
    ],
    [
      1200,
      0.9470000267028809
    ],
    [
      1350,
      0.9509999752044678
    ],
    [
      1500,
      0.953000009059906
    ]
  ],
  "student_distill": [
    [
      0,
      0.527999997138977
    ],
    [
      150,
      0.6010000109672546
    ],
    [
      300,
      0.6600000262260437
    ],
    [
      450,
      0.7879999876022339
    ],
    [
      600,
      0.8130000233650208
    ],
    [
      750,
      0.8389999866485596
    ],
    [
      900,
      0.8690000176429749
    ],
    [
      1050,
      0.8999999761581421
    ],
    [
      1200,
      0.9240000247955322
    ],
    [
      1350,
      0.9340000152587891
    ],
    [
      1500,
      0.9430000185966492
    ]
  ]
}