{
  "teacher": 1.0,
  "student_plain": [
    [
      0,
      0.5619999766349792
    ],
    [
      150,
      0.6169999837875366
    ],
    [
      300,
      0.746999979019165
    ],
    [
      450,
      0.7860000133514404
    ],
    [
      600,
      0.8450000286102295
    ],
    [
      750,
      0.9049999713897705
    ],
    [
      900,
      0.9279999732971191
    ],
    [
      1050,
      0.9359999895095825
    ],
    [
      1200,
      0.9380000233650208
    ],
    [
      1350,
      0.9390000104904175
    ],
    [
      1500,
      0.9380000233650208
    ]
  ],
  "student_distill": [
    [
      0,
      0.46700000762939453
    ],
    [
      150,
      0.6039999723434448
    ],
    [
      300,
      0.7490000128746033
    ],
    [
      450,
      0.8029999732971191
    ],
    [
      600,
      0.8420000076293945
    ],
    [
      750,
      0.8790000081062317
    ],
    [
      900,
      0.906000018119812
    ],
    [
      1050,
      0.9319999814033508
    ],
    [
      1200,
      0.949999988079071
    ],
    [
      1350,
      0.9589999914169312
    ],
    [
      1500,
      0.9599999785423279
    ]
  ]
}