{
  "teacher": 0.970370352268219,
  "student_plain": [
    [
      0,
      0.15555556118488312
    ],
    [
      150,
      0.8962963223457336
    ],
    [
      300,
      0.9074074029922485
    ],
    [
      450,
      0.9092592597007751
    ],
    [
      600,
      0.9092592597007751
    ],
    [
      750,
      0.9055555462837219
    ],
    [
      900,
      0.9055555462837219
    ],
    [
      1050,
      0.9055555462837219
    ],
    [
      1200,
      0.9055555462837219
    ],
    [
      1350,
      0.9055555462837219
    ],
    [
      1500,
      0.9055555462837219
    ]
  ],
  "student_distill": [
    [
      0,
      0.10185185074806213
    ],
    [
      150,
      0.9333333373069763
    ],
    [
      300,
      0.9629629850387573
    ],
    [
      450,
      0.9685184955596924
    ],
    [
      600,
      0.970370352268219
    ],
    [
      750,
      0.970370352268219
    ],
    [
      900,
      0.970370352268219
    ],
    [
      1050,
      0.970370352268219
    ],
    [
      1200,
      0.9685184955596924
    ],
    [
      1350,
      0.9685184955596924
    ],
    [
      1500,
      0.9685184955596924
    ]
  ]
}