{
  "recon_mse": [
    [
      0,
      0.4856
    ],
    [
      120,
      0.1325
    ],
    [
      240,
      0.1379
    ],
    [
      360,
      0.1385
    ],
    [
      480,
      0.1368
    ],
    [
      600,
      0.1376
    ],
    [
      720,
      0.1355
    ],
    [
      840,
      0.1379
    ],
    [
      960,
      0.1363
    ],
    [
      1080,
      0.1379
    ],
    [
      1200,
      0.1393
    ]
  ],
  "test_recon_mse": 0.1364726573228836,
  "seeds": {
    "n": 5,
    "test_recon_mse": {
      "mean": 0.1348876804113388,
      "std": 0.0007431653355185816,
      "values": [
        0.1362,
        0.1344,
        0.134,
        0.1347,
        0.1351
      ]
    }
  }
}