{
  "nt_xent": [
    [
      0,
      6.236
    ],
    [
      250,
      6.056
    ],
    [
      500,
      5.686
    ],
    [
      750,
      5.65
    ],
    [
      1000,
      5.604
    ],
    [
      1250,
      5.478
    ],
    [
      1500,
      5.402
    ],
    [
      1750,
      5.416
    ],
    [
      2000,
      5.388
    ],
    [
      2250,
      5.434
    ],
    [
      2500,
      5.412
    ]
  ],
  "probe_simclr": 0.6826388835906982,
  "probe_random": 0.5342592597007751,
  "seeds": {
    "n": 5,
    "probe_simclr": {
      "mean": 0.670509259402752,
      "std": 0.04047381553462267,
      "values": [
        0.6826,
        0.6905,
        0.6016,
        0.7222,
        0.6556
      ]
    },
    "probe_random": {
      "mean": 0.5516666643321514,
      "std": 0.03070509194777745,
      "values": [
        0.5343,
        0.5093,
        0.5748,
        0.5435,
        0.5965
      ]
    }
  }
}