{
  "nt_xent": [
    [
      0,
      6.236
    ],
    [
      100,
      5.451
    ],
    [
      200,
      5.083
    ],
    [
      300,
      4.835
    ],
    [
      400,
      4.814
    ],
    [
      500,
      4.89
    ],
    [
      600,
      4.828
    ],
    [
      700,
      4.829
    ],
    [
      800,
      4.846
    ],
    [
      900,
      4.797
    ],
    [
      1000,
      4.917
    ]
  ],
  "probe_simclr": 0.8629629611968994,
  "probe_random": 0.5722222328186035,
  "seeds": {
    "n": 5,
    "probe_simclr": {
      "mean": 0.6174074053764343,
      "std": 0.05298497462800296,
      "values": [
        0.6185,
        0.6352,
        0.5204,
        0.6315,
        0.6815
      ]
    },
    "probe_random": {
      "mean": 0.539259260892868,
      "std": 0.08189625450839347,
      "values": [
        0.5722,
        0.5944,
        0.4926,
        0.4037,
        0.6333
      ]
    }
  }
}