{
  "nt_xent": [
    [
      0,
      4.844
    ],
    [
      80,
      3.989
    ],
    [
      160,
      4.014
    ],
    [
      240,
      3.713
    ],
    [
      320,
      3.537
    ],
    [
      400,
      3.465
    ],
    [
      480,
      3.437
    ],
    [
      560,
      3.503
    ],
    [
      640,
      3.433
    ],
    [
      720,
      3.405
    ],
    [
      800,
      3.393
    ]
  ],
  "probe_simclr": 0.4950000047683716,
  "probe_random": 0.28833332657814026
}