{
  "nt_xent": [
    [
      0,
      6.236
    ],
    [
      80,
      5.164
    ],
    [
      160,
      5.069
    ],
    [
      240,
      4.928
    ],
    [
      320,
      4.836
    ],
    [
      400,
      4.785
    ],
    [
      480,
      4.788
    ],
    [
      560,
      4.758
    ],
    [
      640,
      4.782
    ],
    [
      720,
      4.77
    ],
    [
      800,
      4.735
    ]
  ],
  "probe_simclr": 0.3916666805744171,
  "probe_random": 0.28166666626930237
}