{
  "nt_xent": [
    [
      0,
      6.236
    ],
    [
      100,
      5.451
    ],
    [
      200,
      5.083
    ],
    [
      300,
      4.835
    ],
    [
      400,
      4.814
    ],
    [
      500,
      4.89
    ],
    [
      600,
      4.828
    ],
    [
      700,
      4.829
    ],
    [
      800,
      4.846
    ],
    [
      900,
      4.797
    ],
    [
      1000,
      4.917
    ]
  ],
  "probe_simclr": 0.8629629611968994,
  "probe_random": 0.5722222328186035
}